Orden,Club,Division,Total,Media,CB1,CB2,Ca1,Ca2,J1,J2,CC1,CC2,CEOL,CEOS,CEOM,Por1,Por2,Mo1,Mo2,Pa1,Pa2,S1,S2,Ib1,Ib2,Bi1,Bi2
,,,,,,,,,,,,,,,,,,,,,,,,,,,
1,COLIVENC,1,21442.37,974.65,1456.43,10,347.08,385.15,1323.48,1365.91,1472.51,1508.1,1508.79,,1528.98,0,0,913.93,1016.37,1115.37,1146.92,955.49,979.85,1201.96,1124.96,1098.19,982.9
,,,,,,,,,,,,,,,,,,,,,,,,,,,
2,COMA,1,20883.47,949.25,1084.1,10,1127.94,1158.24,1126.83,1165.22,1227.48,1218.44,1211.01,,1259.41,308.97,314.39,1413.9,1408.2,125,118.78,1065.29,1132.58,1397.35,1337.05,792.86,880.43
,,,,,,,,,,,,,,,,,,,,,,,,,,,
3,VILLENA-O,1,18431.83,837.81,744.79,20,758.66,772.8,933.65,969.46,1090.86,1108.87,1202.65,,1296.54,466.14,421.89,796.84,756.74,544.58,476.32,1030.15,1062.65,969.04,910.16,995.56,1103.48
,,,,,,,,,,,,,,,,,,,,,,,,,,,
4,LORCA-O,1,17534.49,797.02,994.38,40,744.61,829.77,941.06,941.49,1296.22,1317.4,980.66,,1115.89,436.33,494.98,910.94,921.94,812.02,798.09,886.74,941.23,1091.46,1039.28,0,0
,,,,,,,,,,,,,,,,,,,,,,,,,,,
5,COLMENAR,1,16828.99,764.95,969.32,40,641,724.82,645.36,681.97,899.3,951.21,1175.13,,1193.96,560.8,641.79,475.42,569.37,745.66,723.78,750.66,826.54,986.14,1014.42,808.07,804.27
,,,,,,,,,,,,,,,,,,,,,,,,,,,
6,TOLEDO-O,1,15396.03,699.82,1032.01,0,171.2,358.57,983.16,920.62,1032.1,946.93,1173.16,,1334.91,490.97,484.05,160.28,220.85,1004.24,879.95,714.36,820.7,781.23,881.15,467.68,537.91
,,,,,,,,,,,,,,,,,,,,,,,,,,,
7,COV,1,15158.91,689.04,436.67,0,240.5,255.12,427.27,388.67,186.44,197.15,1114.96,,1151.03,1035.75,1069.59,138.33,137.2,1087.15,1128.88,1090.45,1184.53,1214.39,1204.27,604.26,866.3
,,,,,,,,,,,,,,,,,,,,,,,,,,,
8,NAVALCAN-O,1,14551.38,655.47,834.24,10,389.8,404.11,952.52,825.84,644.41,628,Or,,Or,559.71,550.03,391.67,386.21,935.56,932.95,660.66,801.56,704.5,640.34,916.17,941.07
,,,,,,,,,,,,,,,,,,,,,,,,,,,
9,TOTANA-O,1,13206.56,600.3,817.11,20,618.1,660.27,844.64,804.58,663.09,670.16,867.33,,1032.21,189.7,181.92,608.71,630.73,172.14,175.4,610.11,653.49,782.49,766.62,650.92,786.84
,,,,,,,,,,,,,,,,,,,,,,,,,,,
10,RUMBO-MADRID SANSE,1,13205.81,600.26,571.09,10,614.15,742.74,533.92,519.33,593.63,619.48,967.29,,1069.99,634.26,612.42,537.18,537.58,280.3,340.12,753.58,829.19,725.88,723.49,472.89,517.3
,,,,,,,,,,,,,,,,,,,,,,,,,,,
11,UEVIC,1,12749.02,579.5,535.86,10,611.85,746.54,710.72,760.37,668.41,696.1,895.91,,878.09,408.18,472.21,456.08,452.43,502.05,501.53,677.06,672.58,575.23,577.35,448.54,491.93
,,,,,,,,,,,,,,,,,,,,,,,,,,,
12,ADOL,1,12257,557.14,253.48,40,933.78,1012.02,1020.71,1048.98,204.32,210.18,905.1,,1227.14,527.63,484.68,1270.21,1223.18,0,0,247.03,166.89,730.14,751.53,0,0
,,,,,,,,,,,,,,,,,,,,,,,,,,,
13,GO-XTREM,1,11912.73,541.49,1125.61,10,501.45,623.81,218.26,122.13,856.06,934.1,1140.34,,1283.97,220.99,372.56,0,0,0,0,1188.71,1300.39,482.77,424.34,481.32,625.92
,,,,,,,,,,,,,,,,,,,,,,,,,,,
14,IMPERDIBLE BUFF,1,11615.26,527.97,530.55,10,60.1,10,604.75,591.32,423.28,337.98,780.62,,712.17,505.46,469.89,202.67,373.48,548.16,574.1,841.25,885.79,719.01,794.34,767.56,872.78
,,,,,,,,,,,,,,,,,,,,,,,,,,,
15,VELETA,1,11465.48,521.16,481.78,10,726.64,769.85,1021.98,1031.78,532.1,511.14,994.05,,964.2,0,0,971.49,1005.1,228.41,172.47,243.63,217.4,561.39,535.14,241.96,244.97
,,,,,,,,,,,,,,,,,,,,,,,,,,,
16,CDP-O,1,11314.53,514.3,231.54,0,53.67,56.85,0,0,55.48,77.9,916.17,,1013.88,434.61,429.58,0,0,1075.75,1020.79,1006.69,1194.38,962.62,947.82,877.52,959.28
,,,,,,,,,,,,,,,,,,,,,,,,,,,
17,GODIH,1,10074.11,457.91,759.67,50,186.02,203.77,884.41,827.88,817.01,778.22,836.53,,825.04,0,0,109.1,142.49,189.31,191.34,667.28,691.59,782.05,773.79,175.81,182.8
,,,,,,,,,,,,,,,,,,,,,,,,,,,
18,ALABARDA-O,1,10042.04,456.46,507.58,10,184.43,175.29,144.26,164.67,660.8,686.94,528.03,,617.47,380.92,482.57,517.89,503.43,435.68,432.93,664.37,692.33,680.16,621.99,469.67,480.63
,,,,,,,,,,,,,,,,,,,,,,,,,,,
19,COC,1,9940.32,451.83,518.15,0,387.68,361.65,58.25,119.66,863.84,881.6,1203.77,,1256.94,89.37,89.99,0,0,90.14,100,774.85,932.96,617.23,619.49,480.22,494.53
,,,,,,,,,,,,,,,,,,,,,,,,,,,
20,CODAN EXTREMADURA,1,9563.58,434.71,0,0,604.04,722.08,0,0,794.74,772.1,1156.44,,1268.51,178.3,401.74,721.3,755.33,209.28,174.86,202.9,243.9,678.34,679.72,0,0
,,,,,,,,,,,,,,,,,,,,,,,,,,,
21,UNIVERSIDAD ALICANTE,1,8151.6,370.53,655.32,0,208.3,221.28,518.71,429.91,469.97,457.28,442.68,,488.07,102,94.31,301.04,319.43,304.05,285.44,458.23,518.12,582.8,578.64,368.08,347.94
,,,,,,,,,,,,,,,,,,,,,,,,,,,
22,VALENCIA-O,1,8120.95,369.13,659.13,10,0,0,482.2,551.42,566.45,729.55,728.63,,653.52,0,0,335.9,292.22,100,87.74,396.82,373.05,841.58,773.7,263.58,275.46
,,,,,,,,,,,,,,,,,,,,,,,,,,,
23,E D ALCON,1,8115.22,368.87,245.41,10,179.75,179.79,0,0,404.94,418.03,841.96,,1034.55,485.34,394.12,0,0,806.27,796.95,470.28,524.3,426.18,456.3,254.25,186.8
,,,,,,,,,,,,,,,,,,,,,,,,,,,
24,MURCIA-O,1,6840.23,310.92,582.96,10,79.27,145.43,224.02,271.44,657.37,623.99,512.28,,498.32,170.54,178.3,251.98,242.07,306.62,325.82,286.52,220.12,388.46,367.94,249.63,247.15
,,,,,,,,,,,,,,,,,,,,,,,,,,,
25,UPV-O,1,2453.85,111.54,281.85,0,0,0,159.48,255.9,325.66,351.85,228.82,,266.3,0,0,0,0,97.88,75.83,146.13,128.41,135.74,0,0,0
,,,,,,,,,,,,,,,,,,,,,,,,,,,
1,SANT JOAN,2,14010.71,636.85,985.43,10,708.1,882.08,906.89,868.96,950.55,1064.92,886.21,,845.88,264.18,328.2,526.07,470.41,83.72,100,598.06,487.51,1061.44,948.6,532.25,501.25
,,,,,,,,,,,,,,,,,,,,,,,,,,,
2,GOCAN,2,10977.41,494.48,640.54,20,258.46,193.34,449.42,643.63,855.11,817.3,868.9,,1064.58,473.21,505.96,107.06,215.57,543.17,497.36,649.57,790.8,Or,Or,137.49,158.08
,,,,,,,,,,,,,,,,,,,,,,,,,,,
3,MANZANARES-O,2,8558.18,389.01,660.2,0,259.59,328.1,602.73,564.6,484.3,476.49,814.02,,920.33,285.12,238.08,0,0,311.32,300.26,313.97,323.37,676.32,531.59,211.08,256.71
,,,,,,,,,,,,,,,,,,,,,,,,,,,
4,FUNDI-O,2,8163.64,371.07,318.75,0,662.27,753.66,547.61,732.96,263.25,273.3,852.86,,947.49,0,0,877.87,954.59,0,0,0,0,257.66,235.35,239.98,246.04
,,,,,,,,,,,,,,,,,,,,,,,,,,,
5,TJALVE,2,8077.47,367.16,438.79,0,185.45,140.1,259.67,339.64,0,0,691.18,,616.24,447.71,522.96,285.39,188.36,567.27,697.97,467.87,655.47,431.71,331.88,309.47,500.34
,,,,,,,,,,,,,,,,,,,,,,,,,,,
6,LOS CALIFAS,2,7343.09,333.78,278.06,20,440.83,544.41,560.74,410.72,359.98,372.11,502.88,,478.78,0,0,615.28,839.99,0,0,222.97,254.95,544.06,451.01,218.84,227.48
,,,,,,,,,,,,,,,,,,,,,,,,,,,
7,MONTE EL PARDO,2,6654.26,302.47,211.01,0,87.35,137.54,0,0,195.73,191.22,779.92,,733.43,0,0,0,0,563.14,548.67,638.48,572.83,713.06,624.6,308.02,349.26
,,,,,,,,,,,,,,,,,,,,,,,,,,,
8,IB흁,2,6080.21,276.37,189.27,0,69.94,142.03,0,0,232,243.33,849.55,,879.35,141.78,131.17,0,0,493.19,502.88,440.68,322.49,466.47,557.39,206.47,212.22
,,,,,,,,,,,,,,,,,,,,,,,,,,,
9,COBI,2,5956.19,268.3,0,0,83.82,73.17,0,0,0,0,710.64,,633.3,0,0,0,0,923,889.47,698.74,720.79,292.81,340.19,Or,Or
,,,,,,,,,,,,,,,,,,,,,,,,,,,
10,CORRECAMINOS,2,5863.34,266.52,599.9,10,0,0,297.87,277.3,623.21,545.49,667.12,,676.66,112,179.18,58.91,61.38,132.78,124.26,253.28,216.03,278.88,314.7,198.82,235.57
,,,,,,,,,,,,,,,,,,,,,,,,,,,
11,LA BR：ULA - JAIRE,2,4606.68,209.39,0,0,0,0,0,0,0,0,682.89,,687.45,0,0,58.82,88.31,744.18,720.49,227.58,67.44,0,0,682.28,647.24
,,,,,,,,,,,,,,,,,,,,,,,,,,,
12,OROS,2,4558.39,207.2,342.5,0,191.87,227.04,160.83,149.58,119.19,132.95,652.56,,702.42,0,0,0,0,131.05,125.01,258.31,238.28,241.82,327.62,280.52,276.84
,,,,,,,,,,,,,,,,,,,,,,,,,,,
13,MAXIMUS,2,4399.39,199.97,223.82,0,108.04,159.25,258.27,245.81,167.63,183.21,167.12,,159.35,262.85,266.75,173.02,174.68,274.48,262.26,272.62,286.71,282.79,182.61,97.52,190.6
,,,,,,,,,,,,,,,,,,,,,,,,,,,
14,O-SAN ROQUE,2,4336.43,197.11,294.15,0,257.22,272.5,232.42,267.96,291.86,216.44,283.07,,295.77,152.18,149.53,202.36,225.23,194.5,184.31,140.73,136.82,257.06,282.32,0,0
,,,,,,,,,,,,,,,,,,,,,,,,,,,
15,SENDA,2,4097.56,186.25,398.09,10,214.96,225.37,140.14,123.98,450.54,393.65,381.31,,412.72,72.13,81.6,80,80,0,0,67.95,65.7,303.08,336.48,135.7,124.16
,,,,,,,,,,,,,,,,,,,,,,,,,,,
16,ALIGOTS,2,4034.2,183.37,77.38,0,347.01,345.92,0,0,0,0,662.53,,598.37,0,0,83.03,82.76,84.96,96.16,523.89,617.7,84.35,76.3,156.3,197.54
,,,,,,,,,,,,,,,,,,,,,,,,,,,
17,ORIENTA-GETAFE,2,3929.75,178.63,108.98,0,0,0,398.46,354.85,112.4,126.18,267.94,,407.25,0,0,162.25,128.8,0,0,289.98,340.79,487.98,465.42,99.94,178.53
,,,,,,,,,,,,,,,,,,,,,,,,,,,
18,O-CIUDAD REAL,2,3799.4,172.7,381.86,10,0,0,460.89,461.36,323.7,318.77,520.74,,641.01,0,0,121.19,115.94,0,0,0,0,263.18,180.76,0,0
,,,,,,,,,,,,,,,,,,,,,,,,,,,
19,BADALONA-O,2,3765.13,171.14,501.12,0,0,0,0,0,403.92,425.04,579.16,,789.9,127.5,124.99,0,0,0,0,413.94,399.56,0,0,0,0
,,,,,,,,,,,,,,,,,,,,,,,,,,,
20,UVALENCIA,2,3506.34,159.38,245.35,0,231.81,183.82,156.75,198.23,176.56,122.65,305.62,,412.96,0,0,121.3,158.94,0,0,119.72,183.83,207.66,210.96,230.84,239.34
,,,,,,,,,,,,,,,,,,,,,,,,,,,
21,SURCO,2,3139.48,142.7,146.62,10,73.05,141.57,257.14,273.18,497.41,423.87,143.67,,163.29,0,0,250.08,231.26,64.04,68.94,66.68,71.1,122.52,135.06,0,0
,,,,,,,,,,,,,,,,,,,,,,,,,,,
22,MONTSANT,2,2949.04,134.05,440.36,10,0,0,311.39,291.37,0,0,443.72,,589.73,0,0,0,0,0,0,142.07,144.6,0,0,232.04,343.76
,,,,,,,,,,,,,,,,,,,,,,,,,,,
23,V페 DE LA PLATA,2,2579.86,117.27,58.44,10,181.32,230.34,0,0,76.62,75.39,341.51,,343.18,30,184.19,0,0,0,0,127.71,205.04,179.28,219.51,156.09,161.24
,,,,,,,,,,,,,,,,,,,,,,,,,,,
24,COB,2,2570.91,116.86,77.59,0,283.88,261.69,0,0,102,102,431.73,,459.05,0,0,0,0,0,0,264.77,266.29,0,0,153.45,168.46
,,,,,,,,,,,,,,,,,,,,,,,,,,,
25,COHU,2,1218.31,55.38,0,0,153.21,182.13,157.58,166.62,0,0,230.7,,238.84,0,0,0,0,10,79.23,0,0,0,0,0,0
,,,,,,,,,,,,,,,,,,,,,,,,,,,
1,ORCA,3,6527.79,296.72,149.02,0,0,0,0,0,163.92,169.35,819.42,,685.65,169.26,235.25,0,0,412.1,569.04,764.29,935.59,93.06,98.92,612.61,650.31
,,,,,,,,,,,,,,,,,,,,,,,,,,,
2,CEAM IBI-O,3,5232.59,237.85,299.32,0,229.14,305.61,295.71,291.74,340.45,312.71,271.54,,235.03,285.6,244.56,0,0,273.05,331.57,123.44,139.49,303.92,304.68,323.73,321.3
,,,,,,,,,,,,,,,,,,,,,,,,,,,
3,POSEID흁,3,5152.9,234.22,301.37,0,382.64,459.52,314.83,356.45,250.68,222.95,334.55,,486.93,0,0,482.29,467.39,0,0,100,100,424.58,468.72,0,0
,,,,,,,,,,,,,,,,,,,,,,,,,,,
4,VERD3,3,4852.39,220.56,377.06,0,264.36,297.09,331.87,299.54,415.71,413.91,332.2,,417.17,91.26,245,95.41,81.88,249.06,173.6,245.37,177.68,168.03,176.19,0,0
,,,,,,,,,,,,,,,,,,,,,,,,,,,
5,AROMON,3,4815.29,218.88,0,0,183.95,247.07,0,0,0,0,843.66,,785.34,196.88,198.3,175.84,163.01,0,0,312.45,284.7,549.8,591.75,155.62,126.92
,,,,,,,,,,,,,,,,,,,,,,,,,,,
6,COTA,3,4700.61,213.66,185.73,0,0,0,318.97,294.84,310.56,303.47,306.02,,286.42,340.28,312.15,142.01,146.94,82.92,169.34,226.01,297.26,249.32,259.11,240.8,228.46
,,,,,,,,,,,,,,,,,,,,,,,,,,,
7,ELERUT,3,4492.4,204.2,535.04,10,141.96,134.62,312.5,272.12,245.54,71.1,349.85,,414.46,0,0,0,0,106.08,110.44,323.6,331.27,507.03,503.48,53.32,69.99
,,,,,,,,,,,,,,,,,,,,,,,,,,,
8,PILO헤 DEPORTE,3,4118.58,187.21,0,0,0,0,0,0,0,0,829.81,,808.79,0,0,0,0,424.03,325.15,330.05,287.82,291.98,455.87,169.42,195.66
,,,,,,,,,,,,,,,,,,,,,,,,,,,
9,CORZO,3,3983.26,181.06,45.29,0,0,0,63.43,61.98,0,0,274.21,,267.94,295.79,334.07,138.85,152.92,341.76,276.96,219.21,254.54,197.61,336.63,363.11,358.96
,,,,,,,,,,,,,,,,,,,,,,,,,,,
10,ESCONDITE-M,3,3922.52,178.3,349.2,0,204.67,246.59,248.47,273.45,232.38,208.95,301.14,,338.94,102,102,138.64,77.42,69.9,70.97,251.14,154.74,309.7,242.22,0,0
,,,,,,,,,,,,,,,,,,,,,,,,,,,
11,CDNAVARRA,3,3718.23,169.01,0,0,0,0,0,0,0,0,299.75,,320.31,0,0,0,0,505.2,570.22,223.85,287,0,0,786.91,724.99
,,,,,,,,,,,,,,,,,,,,,,,,,,,
12,T TR첺AME,3,3327.97,151.27,192.96,10,0,0,174.75,181.85,175.93,170.31,221.83,,264.07,104.68,202.38,0,0,189.37,178.1,327.15,329.3,163.33,163.57,168.39,110
,,,,,,,,,,,,,,,,,,,,,,,,,,,
13,MONTELLANO,3,3128,140.9,0,0,554.19,464.16,503.11,445.62,0,0,407.26,,443.68,0,0,Or,Or,0,0,0,0,0,0,0,0
,,,,,,,,,,,,,,,,,,,,,,,,,,,
14,RIOJA-O,3,3120.23,141.83,75.36,0,0,0,0,0,86.54,71.06,365.23,,396.35,186.94,303.11,0,0,0,0,422.97,377.44,89.37,70.93,256.1,418.83
,,,,,,,,,,,,,,,,,,,,,,,,,,,
15,COMCU,3,3009.27,136.79,214.27,0,0,0,210.69,210.2,88.84,90,315.95,,324.94,64.88,69.61,85.24,95.93,90.97,83.37,88.45,81.32,239.26,281.71,190.02,183.62
,,,,,,,,,,,,,,,,,,,,,,,,,,,
16,NORDESTE,3,3004.32,136.56,0,0,0,0,0,0,0,0,298.38,,367.47,0,0,0,0,347.47,387.03,370.22,329.7,146.95,159.77,236.47,360.86
,,,,,,,,,,,,,,,,,,,,,,,,,,,
17,PE헤 GUARA,3,2757.75,125.35,267.96,0,0,0,255.98,248.87,165.5,182.54,125.75,,381.93,0,0,0,0,240.29,213.1,154.52,240.76,62.88,10,74.57,133.1
,,,,,,,,,,,,,,,,,,,,,,,,,,,
18,ASTUR EXTR,3,2604.26,118.38,0,0,0,0,0,0,0,0,549.8,,466.97,0,0,0,0,68.72,70.5,278.42,257.53,223.29,238.65,213.18,237.2
,,,,,,,,,,,,,,,,,,,,,,,,,,,
19,ENTREBALIZAS,3,2568.92,116.77,192.03,0,70.85,47.84,241.96,240.25,218.94,240.85,64,,65.98,64.55,92.27,0,0,0,0,135.22,175.18,294.64,282.21,20,122.15
,,,,,,,,,,,,,,,,,,,,,,,,,,,
20,CRON,3,2291.84,104.17,0,0,0,0,0,0,0,0,430.76,,233.79,0,0,0,0,251.94,267.01,329.92,277.64,0,0,167.96,332.82
,,,,,,,,,,,,,,,,,,,,,,,,,,,
21,YECLA,3,2088.42,94.93,141.8,0,134.65,130.4,150.14,142.58,89.08,183.2,146.22,,146.64,0,0,0,0,155.94,74.8,155.41,129.58,176.81,131.17,0,0
,,,,,,,,,,,,,,,,,,,,,,,,,,,
22,ZAMORA-O,3,1982.35,90.11,0,0,0,0,0,0,122.93,129.96,365.63,,207.09,0,0,205.08,202.91,0,0,333.86,269.36,69.78,75.75,0,0
,,,,,,,,,,,,,,,,,,,,,,,,,,,
23,ADYRON,3,1873.89,85.18,108.5,10,102,71.75,83.6,10,177.94,73.58,219.22,,162.35,81.36,94.21,74.28,64.18,84.91,74.11,0,0,183.02,198.88,0,0
,,,,,,,,,,,,,,,,,,,,,,,,,,,
24,NAVALENO-O,3,1864.94,84.01,124.5,20,127.5,127.5,125,108.71,99.94,117.3,222.84,,303.69,123.95,90.59,0,0,0,0,Or,Or,0,0,10,78.6
,,,,,,,,,,,,,,,,,,,,,,,,,,,
25,WAKH쳁,3,1828.37,83.11,0,0,0,0,0,0,0,0,348.61,,289.91,0,0,0,0,100,90.54,144.51,108,181.08,195.99,191.71,178.02
,,,,,,,,,,,,,,,,,,,,,,,,,,,
26,ORIENTIJOTE,3,1695.55,77.07,93.2,0,0,0,115.99,0,58.34,134.97,163.47,,148.86,0,0,115.9,126.91,0,0,119.22,125.51,259.2,233.98,0,0
,,,,,,,,,,,,,,,,,,,,,,,,,,,
27,USC,3,1663.38,75.61,0,0,0,0,0,0,0,0,225.64,,263.63,134.41,119.65,0,0,0,0,152.36,160.77,292.88,314.04,0,0
,,,,,,,,,,,,,,,,,,,,,,,,,,,
28,FLUVIAL LUGO,3,1520.35,69.11,0,0,0,0,0,0,0,0,778.94,,741.41,0,0,0,0,0,0,0,0,0,0,0,0
,,,,,,,,,,,,,,,,,,,,,,,,,,,
29,UPC,3,1457.98,66.27,0,0,0,0,0,0,0,0,355.08,,378.49,0,0,0,0,0,0,345.91,378.5,0,0,0,0
,,,,,,,,,,,,,,,,,,,,,,,,,,,
30,C.O.GUADALAJARA,3,1439.44,65.43,105.05,0,0,0,0,0,0,0,243.97,,265.9,0,0,0,0,0,0,161.92,196.4,176.72,289.48,0,0
,,,,,,,,,,,,,,,,,,,,,,,,,,,
31,XINOXANO,3,1404.4,63.84,105.35,0,119.75,119.34,0,0,0,0,342.7,,285.37,0,0,0,0,0,0,110.48,109.61,0,0,94.81,116.99
,,,,,,,,,,,,,,,,,,,,,,,,,,,
32,CALASPARRA-O,3,1314.08,59.73,62.8,0,0,0,73.7,92.62,82.13,67.94,120.88,,139.64,0,0,0,0,0,0,120.22,129.7,154.15,142.52,57.51,70.27
,,,,,,,,,,,,,,,,,,,,,,,,,,,
33,ESCONDITE-T,3,1246.17,56.64,84.49,0,100.41,115.8,97.19,113.49,98.11,97.39,0,,0,0,0,0,0,103.6,95.48,109.11,114.04,0,0,12.5,104.56
,,,,,,,,,,,,,,,,,,,,,,,,,,,
34,FARRA-O,3,1145.38,52.06,0,0,127.38,125.01,0,0,0,0,396.84,,424.55,0,0,0,0,0,0,0,0,0,0,10,61.6
,,,,,,,,,,,,,,,,,,,,,,,,,,,
35,ASON,3,1144.64,52.03,159.17,10,0,0,124.11,64.19,0,0,132.12,,110.8,0,0,0,0,0,0,37.72,63.16,165.38,158.74,57.45,61.8
,,,,,,,,,,,,,,,,,,,,,,,,,,,
36,CCVALENCIA,3,1118.94,50.86,103.96,0,0,0,69.86,61.3,8,60.09,119.5,,114.06,0,0,0,0,0,0,69.11,78.8,204.71,229.55,0,0
,,,,,,,,,,,,,,,,,,,,,,,,,,,
37,RAIDERMANIA,3,1090.38,49.56,375.91,0,0,0,116.49,102.12,256.93,196.81,10,,32.12,0,0,0,0,0,0,0,0,0,0,0,0
,,,,,,,,,,,,,,,,,,,,,,,,,,,
38,COAraba,3,931.31,42.33,0,0,0,0,0,0,0,0,72.15,,150.55,0,0,0,0,0,0,154.55,159.94,0,0,185.5,208.62
,,,,,,,,,,,,,,,,,,,,,,,,,,,
39,UNIVERSIDAD DE VIGO,3,750.33,34.11,0,0,0,0,0,0,0,0,425.18,,325.15,0,0,0,0,0,0,0,0,0,0,0,0
,,,,,,,,,,,,,,,,,,,,,,,,,,,
40,TREVINCA,3,725.53,32.98,0,0,0,0,0,0,0,0,289.14,,183.83,0,0,0,0,0,0,0,0,93.24,159.32,0,0
,,,,,,,,,,,,,,,,,,,,,,,,,,,
41,SOTOBOSQUE,3,592.31,26.92,0,0,0,0,0,0,0,0,109.7,,178.94,0,0,0,0,0,0,0,0,122,181.67,0,0
,,,,,,,,,,,,,,,,,,,,,,,,,,,
42,SARRIOS,3,573.61,26.07,0,0,0,0,0,0,0,0,182.97,,186.87,0,0,0,0,0,0,203.77,0,0,0,0,0
,,,,,,,,,,,,,,,,,,,,,,,,,,,
43,ALCOI,3,566.13,25.73,78.5,0,0,0,0,0,114.39,59.56,144.16,,169.52,0,0,0,0,0,0,0,0,0,0,0,0
,,,,,,,,,,,,,,,,,,,,,,,,,,,
44,ROBALIZA,3,500.91,22.77,0,0,0,0,0,0,0,0,228.22,,272.69,0,0,0,0,0,0,0,0,0,0,0,0
,,,,,,,,,,,,,,,,,,,,,,,,,,,
45,COM,3,466.39,21.2,73.53,0,53.21,58.17,0,0,0,0,133.06,,148.42,0,0,0,0,0,0,0,0,0,0,0,0
,,,,,,,,,,,,,,,,,,,,,,,,,,,
46,GALLAECIA RAID,3,462.86,21.04,0,0,0,0,0,0,0,0,236.18,,226.68,0,0,0,0,0,0,0,0,0,0,0,0
,,,,,,,,,,,,,,,,,,,,,,,,,,,
47,LOS ANGELES,3,403.39,18.34,0,0,0,0,0,0,0,0,165.96,,135.7,12.5,89.23,0,0,0,0,0,0,0,0,0,0
,,,,,,,,,,,,,,,,,,,,,,,,,,,
48,CASTROPOL-O,3,380.05,17.28,0,0,0,0,0,0,0,0,0,,0,0,0,0,0,0,0,0,0,102,102,100,76.05
,,,,,,,,,,,,,,,,,,,,,,,,,,,
49,FAICAMI헲,3,298.78,13.58,0,0,0,0,0,0,0,0,158.23,,140.55,0,0,0,0,0,0,0,0,0,0,0,0
,,,,,,,,,,,,,,,,,,,,,,,,,,,
50,IMOS,3,256.84,11.67,0,0,0,0,0,0,0,0,131.16,,125.68,0,0,0,0,0,0,0,0,0,0,0,0
,,,,,,,,,,,,,,,,,,,,,,,,,,,
51,VILLACARRILLO,3,255.91,11.63,0,0,0,0,0,0,0,0,0,,0,0,0,144.78,111.13,0,0,0,0,0,0,0,0
,,,,,,,,,,,,,,,,,,,,,,,,,,,
52,SIMEPIERDO,3,227.25,10.33,52.13,10,0,0,0,0,0,0,60.37,,104.75,0,0,0,0,0,0,0,0,0,0,0,0
,,,,,,,,,,,,,,,,,,,,,,,,,,,
53,APA LICEO,3,198.92,9.04,0,0,0,0,0,0,0,0,119.89,,79.03,0,0,0,0,0,0,0,0,0,0,0,0
,,,,,,,,,,,,,,,,,,,,,,,,,,,
54,ADCON,3,198.56,9.03,102.89,0,0,0,0,0,0,0,52.05,,43.62,0,0,0,0,0,0,0,0,0,0,0,0
,,,,,,,,,,,,,,,,,,,,,,,,,,,
55,ARTABROS,3,76.14,3.46,0,0,0,0,0,0,0,0,39.01,,37.13,0,0,0,0,0,0,0,0,0,0,0,0
,,,,,,,,,,,,,,,,,,,,,,,,,,,
56,LA GLORIETA,3,0,0,0,0,0,0,0,0,0,0,0,,0,0,0,0,0,0,0,0,0,0,0,0,0
,,,,,,,,,,,,,,,,,,,,,,,,,,,
57,VILARAIDER,3,0,0,0,0,0,0,0,0,0,0,0,,0,0,0,0,0,0,0,0,0,0,0,0,0
,,,,,,,,,,,,,,,,,,,,,,,,,,,
58,RANDOBIKE,3,0,0,0,0,0,0,0,0,0,0,0,,0,0,0,0,0,0,0,0,0,0,0,0,0
,,,,,,,,,,,,,,,,,,,,,,,,,,,
59,O-ADEMA,3,0,0,0,0,0,0,0,0,0,0,0,,0,0,0,0,0,0,0,0,0,0,0,0,0
,,,,,,,,,,,,,,,,,,,,,,,,,,,
60,NORTE-SUR,3,0,0,0,0,0,0,0,0,0,0,0,,0,0,0,0,0,0,0,0,0,0,0,0,0
,,,,,,,,,,,,,,,,,,,,,,,,,,,
61,JARNACHAS,3,0,0,0,0,0,0,0,0,0,0,0,,0,0,0,0,0,0,0,0,0,0,0,0,0
,,,,,,,,,,,,,,,,,,,,,,,,,,,
62,CMG,3,0,0,0,0,0,0,0,0,0,0,0,,0,0,0,0,0,0,0,0,0,0,0,0,0
,,,,,,,,,,,,,,,,,,,,,,,,,,,
63,BULDI헲RAID,3,0,0,0,0,0,0,0,0,0,0,0,,0,0,0,0,0,0,0,0,0,0,0,0,0
,,,,,,,,,,,,,,,,,,,,,,,,,,,
64,ALCOR,3,0,0,0,0,0,0,0,0,0,0,0,,0,0,0,0,0,0,0,0,0,0,0,0,0
,,,,,,,,,,,,,,,,,,,,,,,,,,,
65,ADCARNELA,3,0,0,0,0,0,0,0,0,0,0,0,,0,0,0,0,0,0,0,0,0,0,0,0,0
,,,,,,,,,,,,,,,,,,,,,,,,,,,
66,AABT,3,0,0,0,0,0,0,0,0,0,0,0,,0,0,0,0,0,0,0,0,0,0,0,0,0
,,,,,,,,,,,,,,,,,,,,,,,,,,,
67,SEO,3,0,0,0,0,0,0,0,0,0,0,0,,0,0,0,0,0,0,0,0,0,0,0,0,0
,,,,,,,,,,,,,,,,,,,,,,,,,,,
68,MONTA헤 FERROL,3,0,0,0,0,0,0,0,0,0,0,0,,0,0,0,0,0,0,0,0,0,0,0,0,0
,,,,,,,,,,,,,,,,,,,,,,,,,,,
69,HABELAS HAINAS,3,0,0,0,0,0,0,0,0,0,0,0,,0,0,0,0,0,0,0,0,0,0,0,0,0
,,,,,,,,,,,,,,,,,,,,,,,,,,,
70,GALICIA CARANZA,3,0,0,0,0,0,0,0,0,0,0,0,,0,0,0,0,0,0,0,0,0,0,0,0,0
,,,,,,,,,,,,,,,,,,,,,,,,,,,
71,BOMBEIROS CORU헤,3,0,0,0,0,0,0,0,0,0,0,0,,0,0,0,0,0,0,0,0,0,0,0,0,0
,,,,,,,,,,,,,,,,,,,,,,,,,,,
72,NEMUS,3,0,0,0,0,0,0,0,0,0,0,0,,0,0,0,0,0,0,0,0,0,0,0,0,0
,,,,,,,,,,,,,,,,,,,,,,,,,,,
73,BOM,3,0,0,0,0,0,0,0,0,0,0,0,,0,0,0,0,0,0,0,0,0,0,0,0,0
,,,,,,,,,,,,,,,,,,,,,,,,,,,
74,MERIDIANO RAID,3,0,0,0,0,0,0,0,0,0,0,0,,0,0,0,0,0,0,0,0,0,0,0,0,0
,,,,,,,,,,,,,,,,,,,,,,,,,,,
75,CUCO,3,0,0,0,0,0,0,0,0,0,0,0,,0,0,0,0,0,0,0,0,0,0,0,0,0
,,,,,,,,,,,,,,,,,,,,,,,,,,,
76,RAID CALAMOCHA,3,0,0,0,0,0,0,0,0,0,0,0,,0,0,0,0,0,0,0,0,0,0,0,0,0
,,,,,,,,,,,,,,,,,,,,,,,,,,,
77,ALHAMA-O,3,0,0,0,0,0,0,0,0,0,0,0,,0,0,0,0,0,0,0,0,0,0,0,0,0
,,,,,,,,,,,,,,,,,,,,,,,,,,,
78,AD FOGAR,3,0,0,0,0,0,0,0,0,0,0,0,,0,0,0,0,0,0,0,0,0,0,0,0,0
,,,,,,,,,,,,,,,,,,,,,,,,,,,
79,C.O.CO,3,0,0,0,0,0,0,0,0,0,0,0,,0,0,0,0,0,0,0,0,0,0,0,0,0
,,,,,,,,,,,,,,,,,,,,,,,,,,,
80,ALTERA,3,0,0,0,0,0,0,0,0,0,0,0,,0,0,0,0,0,0,0,0,0,0,0,0,0
,,,,,,,,,,,,,,,,,,,,,,,,,,,
81,LNFITA,3,0,0,0,0,0,0,0,0,0,0,0,,0,0,0,0,0,0,0,0,0,0,0,0,0
,,,,,,,,,,,,,,,,,,,,,,,,,,,
82,UBRIQUE-O,3,0,0,0,0,0,0,0,0,0,0,0,,0,0,0,0,0,0,0,0,0,0,0,0,0
,,,,,,,,,,,,,,,,,,,,,,,,,,,
83,A PEDROSA ORRO,3,0,0,0,0,0,0,0,0,0,0,0,,0,0,0,0,0,0,0,0,0,0,0,0,0
,,,,,,,,,,,,,,,,,,,,,,,,,,,
84,ADCARNELA,3,0,0,0,0,0,0,0,0,0,0,0,,0,0,0,0,0,0,0,0,0,0,0,0,0
